<?xml version="1.0" encoding="UTF-8"?>
<!DOCTYPE Workflow PUBLIC "sailpoint.dtd" "sailpoint.dtd">
<Workflow explicitTransitions="true" libraries="Identity,IdentityRequest" name="CMH-Immediate-Termination-Workflow" type="LCM">
  <Variable initializer="true" input="true" name="trace"/>
  <Variable name="plan" type="sailpoint.object.ProvisioningPlan">
    <Description>The provisioning plan which is built during the workflow.
	</Description>
  </Variable>
  <Variable name="project" type="ProvisioningProject">
    <Description>
		ProvisioningProject which is just a compiled version of the ProvisioningPlan.
	</Description>
  </Variable>
  <Variable name="identityRequestId">
    <Description>
		The Identity Request Id we get back from the request.
	</Description>
  </Variable>
  <Variable input="true" name="terminatingUserId"/>
  <Variable name="validationErrors" type="java.util.List"/>
  <Variable name="isDebugEnabled" type="boolean">
    <Script>
      <Source>
      <![CDATA[
  			import org.apache.log4j.Logger;
  			Logger log = Logger.getLogger("Workflow.CMH-Immediate-Termination");
  			if(log.isDebugEnabled()){
  				return true;
  			}
  			return false;
  		]]>
  		</Source>
    </Script>
  </Variable>
  <Variable name="inforAppName">
  	<Script>
  		<Source>
  		<![CDATA[
  			import sailpoint.object.Custom;
  			Custom custom = context.getObjectByName(Custom.class,"CMH-Custom-Object-Infor-Application");
  			String inforName = null;
  			if(custom!=null){
  				inforName = custom.get("hrApplicationName");
  			}
  			return inforName;
  		]]>
  		</Source>
  	</Script>
  </Variable>
  <Variable name="identityName"/>
  <Variable name="userOnLegalHold"/>
  <Variable name="employeeId"/>
  <Variable name="adAppName">
  	<Script>
  		<Source>
  		<![CDATA[
  			import sailpoint.object.Custom;

  			Custom custom = context.getObjectByName(Custom.class,"CMH-Custom-Object-AD-Application");
  			String appName = null;
  			if(custom!=null){
  				appName = custom.getString("adApplication");
  			}
  			return appName;
  		]]>
  		</Source>
  	</Script>
  </Variable>
  <Variable name="terminatedOU">
  	<Script>
  		<Source>
  		<![CDATA[
  			import sailpoint.object.Custom;

  			Custom custom = context.getObjectByName(Custom.class,"CMH-Custom-Object-AD-Application");
  			String disabledOU = null;
  			if(custom!=null){
  				disabledOU = custom.getString("disabledOU");
  			}
  			return disabledOU;
  		]]>
  		</Source>
  	</Script>
  </Variable>
  <Variable initializer="string:YES" name="isSubmitted"/>
  <Description>This workflow is used to immediately disabling a user identity, disable AD account, generate ServiceNow ticket for unmanaged accounts.</Description>
  <RuleLibraries>
	<Reference class="sailpoint.object.Rule" name="CMH-AD-Generic-Rulelibrary"/>
  </RuleLibraries>
  <Step icon="Start" name="Start" posX="154" posY="126">
    <Transition to="Get Identity for Termination"/>
  </Step>
  <Step icon="Default" name="Get Identity for Termination" posX="274" posY="126">
    <Approval name="Identity for Termination" owner="ref:launcher" return="terminatingUserId">
      <Arg name="workItemDescription" value="string:Immediate Termination"/>
      <Arg name="workItemForm" value="string:CMH-Immediate-Termination-Form"/>
    </Approval>
    <Transition to="Retrieve Identity Info" when="approved"/>
    <Transition to="Stop">
      <Script>
        <Source>
          wfcontext.getWorkflowCase().put("isSubmitted","NO");
          return true;
        </Source>
      </Script>
    </Transition>
  </Step>
  <Step icon="Task" name="Retrieve Identity Info" posX="399" posY="126">
  	<Script>
  		<Source>
  		<![CDATA[
  			import org.apache.log4j.Logger;
  			import sailpoint.object.Identity;
			import sailpoint.tools.Util;

  			Logger log = Logger.getLogger("Workflow.CMH-Immediate-Termination");
  			String userName = null;
  			String employeeId = null;
  			String userOnLegalHold = null;
  			if(terminatingUserId!=null){
				Identity iden = context.getObjectById(Identity.class,terminatingUserId);
				if(iden!=null){
					userName = iden.getName();
					if(isDebugEnabled)	{
						log.debug("User selected :"+userName);
					}
					if(Util.isNotNullOrEmpty(userName)){
						wfcontext.getRootWorkflowCase().put("identityName",userName);
					}
					employeeId = iden.getStringAttribute("employeeId");
					if(Util.isNotNullOrEmpty(employeeId)){
						wfcontext.getWorkflowCase().put("employeeId",employeeId);
					}
					userOnLegalHold = iden.getStringAttribute("identityRetention");
					wfcontext.getWorkflowCase().put("userOnLegalHold",userOnLegalHold);
				}
          	}
        ]]>
  		</Source>
  	</Script>
  	<Transition to="Validate Data"/>
  </Step>
  <Step icon="Analysis" name="Validate Data" posX="508" posY="126" resultVariable="validationErrors">
  	<Script>
  		<Source>
  		<![CDATA[
  			import org.apache.log4j.Logger;
  			import sailpoint.tools.Util;

  			Logger log = Logger.getLogger("Workflow.CMH-Immediate-Termination");
			if(isDebugEnabled)	{
				log.debug("Validating the Data");
			}
  			List errorList = new ArrayList();
  			if(Util.isNullOrEmpty(adAppName) || Util.isNullOrEmpty(terminatedOU)){
  				log.error("Custom object not configured properly");
  				errorList.add("Custom object not configured properly");
  			}
  			if(Util.isNullOrEmpty(identityName)){
  				log.error("identityName is null");
  				errorList.add("identityName is null");
  			}
  			if(Util.isNullOrEmpty(employeeId)){
  				log.error("employeeId is null");
  				errorList.add("employeeId is null");
  			}
  			return errorList;
  		]]>
  		</Source>
  	</Script>
  	<Transition to="Update Identity">
  		<Script>
  			<Source>
  			<![CDATA[
  				import org.apache.log4j.Logger;
  				Logger log = Logger.getLogger("Workflow.CMH-Immediate-Termination");
  				if(validationErrors==null || validationErrors.size()<=0){
					if(isDebugEnabled)	{
						log.debug("No Validation Errors");
					}
  					return true;
  				}
				if(isDebugEnabled)	{
					log.debug("There is a Validation Errors");
				}
  				return false;
  			]]>
  			</Source>
  		</Script>
  	</Transition>
  	<Transition to="Add Error Message"/>
  </Step>
  <Step icon="Task" name="Update Identity" posX="575" posY="222">
    <Script>
      <Source>
      <![CDATA[
        import org.apache.log4j.Logger;
        import sailpoint.object.Identity;

       	Logger log = Logger.getLogger("Workflow.CMH-Immediate-Termination");

		Identity user = acquireLockOnIdentity(identityName);
	    if (user != null) {
			user.setAttribute("immediateOffboarder","YES");
			context.saveObject(user);
			context.commitTransaction();
			if (isDebugEnabled) {
				log.debug("Updated immediateOffboarder status for the user: "+ identityName);
			}
			ObjectUtil.unlockIdentity(context,user);
		}
     ]]>
     </Source>
    </Script>
  	<Transition to="Disable Accounts"/>
  </Step>
  <Step icon="Task" name="Disable Accounts" posX="758" posY="222" resultVariable="plan">
    <Script>
      <Source>
      <![CDATA[
      	import org.apache.log4j.Logger;
      	import sailpoint.api.IdentityService;
		    import sailpoint.object.Application;
        import sailpoint.object.Identity;
        import sailpoint.object.Link;
        import sailpoint.object.ProvisioningPlan;
        import sailpoint.object.ProvisioningPlan.AccountRequest;
        import sailpoint.object.ProvisioningPlan.AttributeRequest;
		    import sailpoint.tools.Util;

        Logger log = Logger.getLogger("Workflow.CMH-Immediate-Termination");

        if (isDebugEnabled) {
        	log.debug("Building Plan to disable the AD account for the User "+identityName);
        }

        ProvisioningPlan adPlan = new ProvisioningPlan();

		    Identity user = context.getObjectByName(Identity.class,identityName);
        if (null != user) {
    			Application app = context.getObjectByName(Application.class,adAppName);
    			List accountRequests = new ArrayList();
    			if (app != null) {
    				IdentityService idnService = new IdentityService(context);
    				List adLinks = idnService.getLinks(user, app);
    				if(adLinks!=null && adLinks.size()>0){
    					for (Link adLink : adLinks) {
    						if (adLink != null) {
    							AccountRequest acctReq = new AccountRequest();
    							acctReq.setApplication(adAppName);
    							acctReq.setOperation(ProvisioningPlan.AccountRequest.Operation.Disable);
    							acctReq.setNativeIdentity(adLink.getNativeIdentity());
    							acctReq.add(new AttributeRequest("IIQDisabled",ProvisioningPlan.Operation.Set,true));
    							acctReq.add(new AttributeRequest("pwdLastSet",ProvisioningPlan.Operation.Set,true));
    							accountRequests.add(acctReq);
    						}
    					}
    				}
    				adPlan.setAccountRequests(accountRequests);
    			}
  			adPlan.setIdentity(user);
  		}

        if (isDebugEnabled) {
          log.debug("Plan for disabling the AD account is generated for the user : "+identityName);
        }
        return adPlan;
    ]]>
    </Source>
    </Script>
    <Transition to="Compile Project">
      <Script>
        <Source>
  		<![CDATA[
  			if(plan.getAccountRequests()!=null && plan.getAccountRequests().size()>0){
  				return true;
  			}
  			return false;
  		]]>
  		</Source>
      </Script>
    </Transition>
    <Transition to="Stop"/>
  </Step>
  <Step action="call:compileProvisioningProject" icon="Task" name="Compile Project" posX="982" posY="219" resultVariable="project">
    <Arg name="requester" value="string:spadmin"/>
    <Arg name="requireCreateTemplates" value="string:false"/>
    <Arg name="identityName" value="ref:identityName"/>
    <Arg name="noLocking" value="true"/>
    <Arg name="noApplicationTemplates" value="string:true"/>
    <Arg name="source" value="ref:source"/>
    <Arg name="optimisticProvisioning" value="string:false"/>
    <Arg name="plan" value="ref:plan"/>
    <Description>Compile the provisioning plan into a provisioning project.
                 If you need to pass in provisioner options like "noFiltering"
                 or "noRoleDeprovisioning" you must pass them as explicit
                 arguments to the call.
                 The evaluation options "requester" and "source" are commonly
                 set here.
                 You can also pass things into the Template and Field scripts by
                 defining Args in this step.</Description>
    <Transition to="Create Identity Request"/>
  </Step>
  <Step action="call:createIdentityRequest" icon="Task" name="Create Identity Request" posX="1090" posY="219">
    <Arg name="identityName" value="ref:identityName"/>
    <Arg name="project" value="ref:project"/>
    <Arg name="source" value="ref:source"/>
    <Arg name="priority" value="string:Normal"/>
    <Arg name="flow" value="ref:flow"/>
    <Return name="identityRequestId" to="identityRequestId"/>
    <Transition to="Provision"/>
  </Step>
  <Step action="call:provisionProject" icon="Provision" name="Provision" posX="1212" posY="219">
    <Arg name="background" value="true"/>
    <Arg name="project" value="ref:project"/>
    <Transition to="Complete Identity Request"/>
  </Step>
  <Step action="call:completeIdentityRequest" icon="Task" name="Complete Identity Request" posX="1336" posY="218" resultVariable="identityRequest">
    <Arg name="autoVerify" value="false"/>
    <Arg name="project" value="ref:project"/>
    <Arg name="identityRequestId" value="ref:identityRequestId"/>
    <Transition to="Do Target Aggregation">
    	<Script>
    		<Source>
    		<![CDATA[
    			import sailpoint.tools.Message;
    			import sailpoint.tools.Util;
    			if(wfcontext.getRootWorkflowCase().getMessages()==null || wfcontext.getRootWorkflowCase().getMessagesByType(Message.Type.Error)==null){
						return true;
    			}
    			return false;
    		]]>
    		</Source>
    	</Script>
    </Transition>
    <Transition to="Stop"/>
  </Step>
  <Step icon="Task" name="Do Target Aggregation" posX="1277" posY="69" resultVariable="validationErrors">
  	<Script>
  		<Source>
  		<![CDATA[
			import org.apache.log4j.Logger;
  			import sailpoint.api.IdentityService;
			import sailpoint.object.Application;
			import sailpoint.object.Identity;
			import sailpoint.object.Link;
			import sailpoint.tools.Util;

			Logger log = Logger.getLogger("Workflow.CMH-Immediate-Termination");

			if (isDebugEnabled) {
				log.debug("Invoking Single Account Aggregation method to update the OU information in IIQ");
			}
			if(validationErrors==null){
				validationErrors = new ArrayList();
			}
			Identity iden = context.getObjectByName(Identity.class,identityName);
			Application app = context.getObjectByName(Application.class,adAppName);
			if (iden!=null && app != null) {
				IdentityService idnService = new IdentityService(context);
               	List adLinks = idnService.getLinks(iden, app);
				if(adLinks!=null && adLinks.size()>0){
					for (Link adLink : adLinks) {
						if(adLink!=null){
							String nativeIdentity = adLink.getNativeIdentity();
							if(Util.isNotNullOrEmpty(nativeIdentity)){
								String userCN = calculateCN(nativeIdentity);
								if(Util.isNotNullOrEmpty(userCN)){
									String newUserDN = userCN+","+terminatedOU;
									validationErrors.addAll(doTargetedAggregation(newUserDN,adAppName,identityName));
								}
							}
						}
					}
				}
            }
            return validationErrors;
  		]]>
  		</Source>
  	</Script>
	<Transition to="Add Error Message">
		<Script>
			<Source>
			<![CDATA[
				if(validationErrors!=null && validationErrors.size()>0){
					return true;
				}
				return false;
			]]>
			</Source>
		</Script>
	</Transition>
  	<Transition to="Stop"/>
  </Step>
  <Step action="call:addMessage" name="Add Error Message">
	<Arg name="message">
			<Script>
				<Source>
				<![CDATA[
					import sailpoint.tools.Util;
					return Util.listToCsv(validationErrors);
				]]>
				</Source>
			</Script>
	</Arg>
	<Arg name="type" value="Error"/>
	<Transition to="Stop"/>
  </Step>
  <Step catches="complete" icon="Catches" name="Check Status" posX="156" posY="19" resultVariable="validationErrors">
    <Script>
      <Source>
      <![CDATA[
       		import java.text.SimpleDateFormat;
  			import org.apache.log4j.Logger;
  			import sailpoint.object.AuditEvent;
			import sailpoint.server.Auditor;
  			import sailpoint.tools.Message;
  			import sailpoint.tools.Util;

			if(Util.nullSafeCaseInsensitiveEq(isSubmitted,"YES")){
			
				Logger log = Logger.getLogger("Workflow.CMH-Immediate-Termination");

				if(isDebugEnabled)	{
					log.debug("CMH_ImmediateTermination: Check Status step : Checking for errors");
				}

	  			if(wfcontext.getRootWorkflowCase().getMessages()!=null && wfcontext.getRootWorkflowCase().getMessagesByType(Message.Type.Error)!=null){
	  				List errorMessagesList = wfcontext.getRootWorkflowCase().getMessagesByType(Message.Type.Error);
	  				String errorMessage = Util.listToCsv(errorMessagesList);
	  				if(validationErrors==null){
	  					validationErrors = new ArrayList();
	  				}
	  				validationErrors.add(errorMessage);
	  				log.error("Check Status step : Errors Found : "+Util.listToCsv(validationErrors));
	  			}

	  			String action = null;
	  			String source = "UI";
	  			String target = identityName;
	  			String attrName = "Employee ID";
	  			String attrVal = employeeId;
	  			Map strMap = new HashMap();
	  			if(Util.isEmpty(validationErrors)){
	  				action = "ImmediateTermination-Success";
	  				strMap.put("setString1","Immediate Termination Completed succesfully");
	  				strMap.put("setString2","AD/Exchange accounts Disabled and Service now ticket raised for unmanaged accounts successfully");
	  			}else{
	  				action = "ImmediateTermination-Failure";
	  				strMap.put("setString1","Immediate Termination failed due to errors");
	  				strMap.put("setString2",Util.listToCsv(validationErrors));
	  			}
	  			auditWrite(action,source,target,attrName,attrVal,strMap);

				if(isDebugEnabled)	{
					log.debug("Check Status step : Audit Event Generated");
					log.debug("Ending the CMH_ImmediateTermination Workflow for the user "+identityName);
				}
  				context.commitTransaction();
			}
  			return validationErrors;
    ]]>
    </Source>
    </Script>
    <Transition to="Stop"/>
  </Step>
  <Step icon="Stop" name="Stop" posX="1597" posY="120"/>
</Workflow>
