<?xml version="1.0" encoding="UTF-8"?>
<!DOCTYPE Workflow PUBLIC "sailpoint.dtd" "sailpoint.dtd">
<Workflow explicitTransitions="true" libraries="Identity,IdentityRequest" name="CMH-LifecycleEvent-Leaver-Disable" type="IdentityLifecycle">
  <Variable input="true" name="trigger">
    <Description>The IdentityTrigger</Description>
  </Variable>
  <Variable input="true" name="event">
    <Description>The IdentityChangeEvent</Description>
  </Variable>
  <Variable input="true" name="identityName">
    <Description>The name of the identity.</Description>
  </Variable>
  <Variable initializer="script:(identityDisplayName != void) ? identityDisplayName : resolveDisplayName(identityName)" input="true" name="identityDisplayName">
    <Description>
       The displayName of the identity being updated.
       Query for this using a projection query and fall back to the name.
</Description>
  </Variable>
  <Variable initializer="string:AccountsRequest" input="true" name="flow">
    <Description>What type of LCM flow is this</Description>
  </Variable>
  <Variable name="plan" type="sailpoint.object.ProvisioningPlan">
    <Description>The provisioning plan which is built during the workflow.
</Description>
  </Variable>
  <Variable initializer="string:LCM" input="true" name="source">
    <Description>
       String version of sailpoint.object.Source to indicate
       where the request originated.  Defaults to LCM.
</Description>
  </Variable>
  <Variable initializer="string:true" input="true" name="trace">
    <Description>
       Used for debugging this workflow and when set to true trace
       will be sent to stdout.
    </Description>
  </Variable>
  <Variable name="project" type="ProvisioningProject">
    <Description>
ProvisioningProject which is just a compiled version of the ProvisioningPlan.
</Description>
  </Variable>
  <Variable name="identityRequestId">
    <Description>
		The Identity Request Id we get back from the request.
	</Description>
  </Variable>
  <Variable name="isDebugEnabled" type="boolean">
    <Script>
      <Source><![CDATA[

  			import org.apache.log4j.Logger;

  			Logger log = Logger.getLogger("Workflow.CMH-LifecycleEvent-Leaver-Disable");

  			if(log.isDebugEnabled()){
  				return true;
  			}
  			return false;

  		]]></Source>
    </Script>
  </Variable>
  <Variable name="employeeId">
    <Script>
      <Source><![CDATA[

  			import sailpoint.object.Identity;

  			String employeeId = null;
  			if(identityName != null){
  				Identity iden = context.getObjectByName(Identity.class,identityName);
  				if(null != iden) {
  				   employeeId = iden.getStringAttribute("employeeId");
  				}
  			}
  			return employeeId;

  		]]></Source>
    </Script>
  </Variable>
  <Variable name="assignmentType">
    <Script>
      <Source><![CDATA[

  			import sailpoint.object.Identity;
  			import sailpoint.tools.Util;
  			String assignmentType = null;
  			if(identityName != null){
  				Identity iden = context.getObjectByName(Identity.class,identityName);
  				if(null != iden) {
  				   assignmentType = iden.getStringAttribute("assignmentType");
  				}
  			}
  			if(Util.isNotNullOrEmpty(assignmentType)) {
               return assignmentType;
            }else {
               return null;
  			}

  		]]></Source>
    </Script>
  </Variable>
  <Variable name="hasEmail" type="boolean">
    <Script>
      <Source><![CDATA[

  			import sailpoint.object.Identity;
  			import sailpoint.tools.Util;

  			String email = null;
  			if(identityName != null){
  				Identity iden = context.getObjectByName(Identity.class,identityName);
  				if(null != iden) {
  				   email= iden.getStringAttribute("email");
  				}
  				if(Util.isNotNullOrEmpty(email)) {
  				   return true;
  				}else {
  				   return false;
  				}
  			}

  		]]></Source>
    </Script>
  </Variable>
  <Variable name="adAppName">
    <Script>
      <Source><![CDATA[

  			import sailpoint.object.Custom;

  			Custom custom = context.getObjectByName(Custom.class,"CMH-Custom-Object-AD-Application");
  			String appName = null;
  			if(custom != null){
  				appName = custom.getString("adApplication");
  			}
  			return appName;

  		]]></Source>
    </Script>
  </Variable>
  <Variable name="disabledOU">
    <Script>
      <Source><![CDATA[

  			    import sailpoint.object.Custom;
	  			import sailpoint.object.Identity;
	  			import sailpoint.tools.Util;

	  			Identity identity = context.getObjectByName(Identity.class,identityName);
	  			String disabledOU = null;
	  			if(null != identity) {
	  			   String legalHold = identity.getStringAttribute("identityRetention");
	  			   String userType =  identity.getStringAttribute("userType");
	  			   String customDisableAttr = null;
	  			   if(Util.nullSafeCaseInsensitiveEq("YES",legalHold)) {
	  			      if(Util.nullSafeCaseInsensitiveEq("EMPLOYEE",userType)){
	  			          customDisableAttr = "inactivEmployeeOU";
	  			      }else if(Util.nullSafeCaseInsensitiveEq("NONEMPLOYEE",userType)) {
	  			          customDisableAttr = "nonEmployeeOU";
	  			      }
	  			   }else {
	  			      customDisableAttr = "disabledOU";
	  			   }
	  			   if(Util.isNotNullOrEmpty(customDisableAttr)){
	  			      Custom custom = context.getObjectByName(Custom.class,"CMH-Custom-Object-AD-Application");
	  			      if(custom != null){
	  				     disabledOU = custom.getString(customDisableAttr);
	  			      }
	  			   }
	  			}
	  			return disabledOU;

  		]]></Source>
    </Script>
  </Variable>
  <Variable name="validationErrors" type="java.util.List"/>
  <Variable name="connectedApps" type="java.util.List"/>
  <Variable name="snowTicketId"/>
  <Variable name="numberOfDays" type="Integer">
    <Description>Number of days after which accounts has to be deleted</Description>
    <Script>
    	<Source>
    	<![CDATA[
    		import sailpoint.object.Custom;
    		Custom custom = context.getObjectByName(Custom.class,"CMH-Leaver-Custom-Object");
    		int numberOfDays = 0;
    		if(custom!=null){
    			numberOfDays = custom.getInt("numberOfDaysToDelete");
    		}
    		return numberOfDays;
    	]]>
    	</Source>
    </Script>
  </Variable>
  <RuleLibraries>
    <Reference class="sailpoint.object.Rule" name="CMH-AD-Generic-Rulelibrary"/>
  </RuleLibraries>
  <Step icon="Start" name="Start" posX="75" posY="125" wait="1">
    <Script>
      <Source><![CDATA[

  			import org.apache.log4j.Logger;

  			Logger log = Logger.getLogger("Workflow.CMH-LifecycleEvent-Leaver-Disable");
  			if(isDebugEnabled){
  				log.debug("Starting the LifecycleEvent-Leaver-Disable Workflow for the user "+identityName);
  			}

  		]]></Source>
    </Script>
    <Transition to="Validate Data"/>
  </Step>
  <Step icon="Analysis" name="Validate Data" posX="199" posY="124" resultVariable="validationErrors">
    <Script>
      <Source><![CDATA[

            import org.apache.log4j.Logger;
  			import sailpoint.tools.Util;

  			Logger log = Logger.getLogger("Workflow.CMH-LifecycleEvent-Leaver-Disable");

  			List errorList = new ArrayList();
  			if(Util.isNullOrEmpty(adAppName)) {
  			   errorList.add("The Custom Object is not configured properly with AD app name.Either Custom object or AD" +
  			   "application name in custom object is missing");
  			}

  			if(Util.isNullOrEmpty(disabledOU)) {
  			    errorList.add("The Custom Object is not configured properly with AD app name.Either Custom object or AD" +
  			   "disabled user OU in custom object is missing");
  			}
  			if(!Util.isEmpty(errorList)) {
  			  log.error("Errors Found :"+Util.listToCsv(errorList));
  			}else if(isDebugEnabled){
  				log.debug("Validation Successful");
  			}
  			return errorList;

      ]]></Source>
    </Script>
    <Transition to="Get Connected Apps">
      <Script>
        <Source><![CDATA[

  				import sailpoint.tools.Util;
  				if(Util.isEmpty(validationErrors)){
					return true;
				}
				return false;

  			]]></Source>
      </Script>
    </Transition>
    <Transition to="Add Error Message"/>
  </Step>
  <Step icon="Task" name="Get Connected Apps" posX="266" posY="210" resultVariable="connectedApps">
    <Script>
      <Source><![CDATA[

  			import org.apache.log4j.Logger;

  			Logger log = Logger.getLogger("Workflow.CMH-LifecycleEvent-Leaver-Disable");
  			List connectedApps = getAppsToProcess(identityName,"CMH-Leaver-Custom-Object","connectedApplications");
  			if(connectedApps==null || connectedApps.size()<=0){
  				log.info("There are no connected Apps associated with the user");
  			}
  			else if(isDebugEnabled){
  				log.debug("List of Connected Apps to be deleted: "+connectedApps.toString());
  			}
  			return connectedApps;

  		]]></Source>
    </Script>
    <Transition to="Set User Deletion Date and status"/>
  </Step>
  <Step icon="Default" name="Set User Deletion Date and status" posX="482" posY="209">
    <Script>
      <Source><![CDATA[

            import org.apache.log4j.Logger;
            import java.text.DateFormat;
  			import sailpoint.object.Identity;
  			import sailpoint.api.ObjectUtil;
  			import sailpoint.tools.Util;

  			Logger log = Logger.getLogger("Workflow.CMH-LifecycleEvent-Leaver-Disable");

  			Identity iden = acquireLockOnIdentity(identityName);
  			if(iden != null){
				String immeTermStat = iden.getStringAttribute("immediateOffboarder");
  				iden.setInactive(true);
  				iden.setAttribute("status","TERMINATED");

  				Date today = new Date();
				Date deletetionDate =  Util.incrementDateByDays(today, numberOfDays);
  				String dateFormat = getCustomObject("genericViewDateFormat", "CMH-DateFormat");
  				String date = null;
  				if(Util.isNotNullOrEmpty(dateFormat)) {
  				   date = new SimpleDateFormat(dateFormat).format(deletetionDate);
  				}
  				if(Util.isNotNullOrEmpty(date)) {
				   iden.setAttribute("deletionDate",date);
				}
				if(Util.nullSafeCaseInsensitiveEq(immeTermStat,"YES")) {
				   iden.setAttribute("immediateOffboarder","NO");
				}
				context.saveObject(iden);
				context.commitTransaction();
        ObjectUtil.unlockIdentity(context,iden);
        }
  				if(isDebugEnabled){
  			    log.debug("Identity status "+identityName+" disabled succesfully");
  				}

      ]]></Source>
    </Script>
    <Transition to="Disable AD Application"/>
  </Step>
  <Step icon="Task" name="Disable AD Application" posX="722" posY="208" resultVariable="plan">
    <Script>
      <Source><![CDATA[
			    import org.apache.log4j.Logger;
	  			import sailpoint.api.IdentityService;
	  			import sailpoint.object.Application;
	  			import sailpoint.object.Identity;
	  			import sailpoint.object.Link;
	  			import sailpoint.object.ProvisioningPlan;
	  			import sailpoint.object.ProvisioningPlan.AccountRequest;
	  			import sailpoint.object.ProvisioningPlan.AttributeRequest;
	  			import sailpoint.tools.Util;

			  	Logger log = Logger.getLogger("Workflow.CMH-LifecycleEvent-Leaver-Disable");
                ProvisioningPlan adPlan = new ProvisioningPlan();
				List accountRequests = new ArrayList();
				Identity identity = context.getObjectByName(Identity.class, identityName);

				for(String appName:connectedApps){
				    Application application = context.getObjectByName(Application.class, appName);
					if (identity != null && application != null) {
						IdentityService ids = new IdentityService(context);
						List appLink = ids.getLinks(identity, application);
						if( null != appLink ) {
							for (Link adLink : appLink) {
								if (null != adLink) {
								    AccountRequest accrq = new AccountRequest();
								    if(Util.nullSafeCaseInsensitiveEq(appName,adAppName)){
										accrq.setApplication(appName);
										accrq.setOperation(ProvisioningPlan.AccountRequest.Operation.Disable);
										accrq.setNativeIdentity(adLink.getNativeIdentity());
										accrq.add(new AttributeRequest("IIQDisabled", ProvisioningPlan.Operation.Set,true));
										accrq.add(new AttributeRequest("AC_NewParent",disabledOU));
										if (Util.nullSafeCaseInsensitiveEq(assignmentType, "EMPLOYEE")) {
											//Exchange code change employee to has email yes or no;
									    }
									} else {
									    accrq.setApplication(appName);
										accrq.setOperation(ProvisioningPlan.AccountRequest.Operation.Disable);
									}
								 accountRequests.add(accrq);
								}
							}
						}
				    }
				}
				adPlan.setAccountRequests(accountRequests);
			    adPlan.setIdentity(identity);
			    if(isDebugEnabled){
	  				log.debug("Plan created to Disable the AD account for the user : "+identityName);
	  			}

  			   return adPlan;

      ]]></Source>
    </Script>
    <Transition to="Compile Project">
      <Script>
        <Source><![CDATA[

  			if(plan.getAccountRequests() != null && plan.getAccountRequests().size()>0 &&  Util.isEmpty(validationErrors)){
  				return true;
  			}
  			return false;

  		]]></Source>
      </Script>
    </Transition>
    <Transition to="end"/>
  </Step>
  <Step action="call:compileProvisioningProject" icon="Task" name="Compile Project" posX="789" posY="316" resultVariable="project">
    <Arg name="requester" value="string:spadmin"/>
    <Arg name="requireCreateTemplates" value="string:false"/>
    <Arg name="identityName" value="ref:identityName"/>
    <Arg name="noLocking" value="true"/>
    <Arg name="noApplicationTemplates" value="string:true"/>
    <Arg name="source" value="ref:source"/>
    <Arg name="optimisticProvisioning" value="string:false"/>
    <Arg name="plan" value="ref:plan"/>
    <Description>Compile the provisioning plan into a provisioning project.
                 If you need to pass in provisioner options like "noFiltering"
                 or "noRoleDeprovisioning" you must pass them as explicit
                 arguments to the call.
                 The evaluation options "requester" and "source" are commonly
                 set here.
                 You can also pass things into the Template and Field scripts by
                 defining Args in this step.</Description>
    <Transition to="Create Identity Request"/>
  </Step>
  <Step action="call:createIdentityRequest" icon="Task" name="Create Identity Request" posX="909" posY="315">
    <Arg name="project" value="ref:project"/>
    <Arg name="source" value="ref:source"/>
    <Arg name="priority" value="string:Normal"/>
    <Arg name="identityName" value="ref:identityName"/>
    <Arg name="flow" value="ref:flow"/>
    <Return name="identityRequestId" to="identityRequestId"/>
    <Transition to="Provision"/>
  </Step>
  <Step action="call:provisionProject" icon="Provision" name="Provision" posX="1035" posY="315">
    <Arg name="background" value="false"/>
    <Arg name="project" value="ref:project"/>
    <Transition to="Complete Identity Request"/>
  </Step>
  <Step action="call:completeIdentityRequest" icon="Task" name="Complete Identity Request" posX="1159" posY="314" resultVariable="identityRequest">
    <Arg name="project" value="ref:project"/>
    <Arg name="autoVerify" value="false"/>
    <Arg name="identityRequestId" value="ref:identityRequestId"/>
    <Transition to="Create ServiceNow Ticket">
      <Script>
        <Source><![CDATA[

  				import sailpoint.tools.Message;
  				if(wfcontext.getRootWorkflowCase().getMessages()== null && null == wfcontext.getRootWorkflowCase().getMessagesByType(Message.Type.Error)) {
					return true;
				}
				return false;

  			]]></Source>
      </Script>
    </Transition>
    <Transition to="end"/>
  </Step>
  <Step icon="Provision" name="Create ServiceNow Ticket" posX="1226" posY="422" resultVariable="snowTicketId">
    <Script>
      <Source><![CDATA[

				Logger log = Logger.getLogger("Workflow.CMH-LifecycleEvent-Leaver-Disable");

		        if (isDebugEnabled) {
		          log.debug("Creating ServiceNow Ticket on disablement of user");
		        }
				if(validationErrors==null){
				validationErrors = new ArrayList();
			    }
			    String snowTicketId = null;
	            Object ticketObj = generateSnowTicket(identityName, "CMH-Service-Ticket-Configuration-Object", "DISABLE");
		        if(null != ticketObj) {
		           if(ticketObj instanceof List) {
		              List errList  = (List) ticketObj;
					  validationErrors.add(errList);
				   }else if(ticketObj instanceof String) {
		              snowTicketId = (String) ticketObj;
					  log.debug("ServiceNow Ticket Created:"+snowTicketId);
		           }
    	        }
				wfcontext.getWorkflowCase().put("validationErrors",validationErrors);
				return snowTicketId;
      ]]></Source>
    </Script>
    <Transition to="Single Account Aggregation"/>
  </Step>
  <Step icon="Task" name="Single Account Aggregation" posX="1364" posY="422" resultVariable="validationErrors">
    <Script>
      <Source><![CDATA[
			    import org.apache.log4j.Logger;
	  			import sailpoint.api.IdentityService;
	  			import sailpoint.object.Application;
	  			import sailpoint.object.Identity;
	  			import sailpoint.object.Link;
	  			import sailpoint.tools.Util;

			  	Logger log = Logger.getLogger("Workflow.CMH-LifecycleEvent-Leaver-Disable");

			  	if (isDebugEnabled) {
		          log.debug("Single Account Aggregation");
		        }

		        if (validationErrors == null) {
		          validationErrors = new ArrayList();
		        }

				List accountRequests = new ArrayList();
				Identity identity = context.getObjectByName(Identity.class, identityName);
				Application application = context.getObjectByName(Application.class, adAppName);
				if (identity != null && application != null) {
					IdentityService ids = new IdentityService(context);
					List appLink = ids.getLinks(identity, application);
					if( null != appLink ) {
					    for (Link adLink : appLink) {
					         if(null != adLink) {
					            String nativeIdentity = adLink.getNativeIdentity();
					            String cn = calculateCN(nativeIdentity);
					            if(Util.isNotNullOrEmpty(cn)){
					               String newNativeIdentity = cn+","+disabledOU;
					               validationErrors.addAll(doTargetedAggregation(newNativeIdentity,adAppName,identityName));
					            }else {
					              validationErrors.add("CN Value is NULL");
					            }
					         }
					     }
					}
				 }
			    if(isDebugEnabled){
	  				log.debug("Exiting Single Account Aggregation");
	  			 }
  			 return validationErrors;
      ]]></Source>
    </Script>
    <Transition to="Refresh Identity"/>
  </Step>
  <Step action="call:refreshIdentity" icon="Task" name="Refresh Identity">
    <Arg name="refreshRoleMetadata" value="true"/>
    <Arg name="identityName" value="ref:identityName"/>
    <Arg name="provision" value="true"/>
    <Arg name="correlateEntitlements" value="true"/>
    <Arg name="refreshIdentityEntitlements" value="true"/>
	<Arg name="noResetNeedsRefresh" value="true"/>
	<Transition to="Add Error Message">
		<Script>
			<Source>
				<![CDATA[
					if(validationErrors!=null && validationErrors.size()>0){
					return true;
					}
					return false;
				]]>
			</Source>
		</Script>
	</Transition>
	<Transition to="end"/>
  </Step>
  <Step action="call:addMessage" name="Add Error Message">
   <Arg name="message">
       <Script>
         <Source>
			<![CDATA[
				import sailpoint.tools.Util;
				return Util.listToCsv(validationErrors);
          ]]>
         </Source>
       </Script>
   </Arg>
   <Arg name="type" value="Error"/>
    <Transition to="end"/>
  </Step>
  <Step catches="complete" icon="Catches" name="Check Status" posX="78" posY="10">
    <Arg name="attributeName" value="string:Employee ID"/>
    <Arg name="source" value="string:CMH-LifecycleEvent-Leaver-Disable"/>
    <Arg name="attributeValue" value="ref:employeeId"/>
    <Arg name="target" value="ref:identityName"/>
    <Script>
      <Source><![CDATA[


	      	import sailpoint.tools.Message;
			import sailpoint.tools.Util;
			import org.apache.log4j.Logger;

			Logger log = Logger.getLogger("Workflow.CMH-LifecycleEvent-Leaver-Disable");
			if(validationErrors==null){
				validationErrors = new ArrayList();
			}
			if(wfcontext.getRootWorkflowCase().getMessages() != null && null != wfcontext.getRootWorkflowCase().getMessagesByType(Message.Type.Error)){
				log.error("Error occured in leaver process: "+wfcontext.getRootWorkflowCase().getMessagesByType(Message.Type.Error));
				List errorMessagesList = wfcontext.getRootWorkflowCase().getMessagesByType(Message.Type.Error);
				String errorMessagesFromWfc = Util.listToCsv(errorMessagesList);
				validationErrors.add(errorMessagesFromWfc);
			}
			if(isDebugEnabled){
				log.debug("Errors recorded in Leaver process: "+validationErrors.toString());
			}
			if(Util.isEmpty(validationErrors)){
			    Map map = new HashMap();
			    map.put("setString1","Leaver Disable is successfully completed" );
  				if(Util.isNotNullOrEmpty(snowTicketId)){
  					map.put("setString2","ServiceNow ticket : "+snowTicketId);
  				}
			   auditWrite("Leaver-Disable Success",source,target,attributeName,attributeValue,map);
  			}else{
  			    Map map = new HashMap();
  			    map.put("setString1","Leaver Disable Process failed due to errors");
  				map.put("setString2",Util.listToCsv(validationErrors));
		  		auditWrite("Leaver-Disable Failure",source,target,attributeName,attributeValue,map);
  			}

  			if(isDebugEnabled){
  			    log.debug("Check Status step : Audit Event Generated");
				log.debug("Ending the LifecycleEvent-Leaver-Disable Workflow for the user "+identityName);
  			}

		]]></Source>
    </Script>
    <Transition to="end"/>
  </Step>
  <Step icon="Stop" name="end" posX="1364" posY="118"/>
</Workflow>
