<?xml version="1.0" encoding="UTF-8"?>
<!DOCTYPE Workflow PUBLIC "sailpoint.dtd" "sailpoint.dtd">
<Workflow explicitTransitions="true" libraries="Identity,IdentityRequest" name="CMH-LifecycleEvent-Leaver-Delete" type="IdentityLifecycle">
  <Variable input="true" name="trigger">
    <Description>The IdentityTrigger</Description>
  </Variable>
  <Variable input="true" name="event">
    <Description>The IdentityChangeEvent</Description>
  </Variable>
  <Variable input="true" name="identityName">
    <Description>The name of the identity.</Description>
  </Variable>
  <Variable initializer="script:(identityDisplayName != void) ? identityDisplayName : resolveDisplayName(identityName)" input="true" name="identityDisplayName">
    <Description>    
       The displayName of the identity being updated.  
       Query for this using a projection query and fall back to the name.    
	</Description>
  </Variable>
  <Variable initializer="string:AccountsRequest" input="true" name="flow">
    <Description>What type of LCM flow is this</Description>
  </Variable>
  <Variable name="plan" type="sailpoint.object.ProvisioningPlan">
    <Description>The provisioning plan which is built during the workflow.  
	</Description>
  </Variable>
  <Variable initializer="string:LCM" input="true" name="source">
    <Description>  
       String version of sailpoint.object.Source to indicate  
       where the request originated.  Defaults to LCM.  
	</Description>
  </Variable>
  <Variable initializer="string:true" input="true" name="trace">
    <Description>  
       Used for debugging this workflow and when set to true trace  
       will be sent to stdout.  
    </Description>
  </Variable>
  <Variable name="project" type="ProvisioningProject">
    <Description>  
		ProvisioningProject which is just a compiled version of the ProvisioningPlan.  
	</Description>
  </Variable>
  <Variable name="isDebugEnabled" type="boolean">
  	<Script>
  		<Source>
  		<![CDATA[
  			import org.apache.log4j.Logger;
  			
  			Logger log = Logger.getLogger("Workflow.CMH-LifecycleEvent-Leaver-Delete");
  			
  			if(log.isDebugEnabled()){
  				return true;
  			}
  			return false;
  		]]>
  		</Source>
  	</Script>
  </Variable>
  <Variable name="employeeId">
  	<Script>
  		<Source>
  		<![CDATA[
  			import sailpoint.object.Identity;
  			
  			String employeeId = null;
  			if(identityName!=null){
  				Identity iden = context.getObjectByName(Identity.class,identityName);
				if(iden!=null){
					employeeId = iden.getStringAttribute("employeeId");
				}
  			}
  			return employeeId;
  		]]>
  		</Source>
  	</Script>
  </Variable>
  <Variable name="assignmentType">
  	<Script>
  		<Source>
  		<![CDATA[
  			import sailpoint.object.Identity;
  			
  			String assignmentType = null;
  			if(identityName!=null){
  				Identity iden = context.getObjectByName(Identity.class,identityName);
				if(iden!=null){
					assignmentType = iden.getStringAttribute("assignmentType");
				}
  			}
  			return assignmentType;
  		]]>
  		</Source>
  	</Script>
  </Variable>
  <Variable name="emailRequired">
  	<Script>
  		<Source>
  		<![CDATA[
  			import sailpoint.object.Identity;
  			
  			String emailRequired = null;
  			if(identityName!=null){
  				Identity iden = context.getObjectByName(Identity.class,identityName);
				if(iden!=null){
					emailRequired = iden.getStringAttribute("mailReqd");
				}
  			}
  			return emailRequired;
  		]]>
  		</Source>
  	</Script>
  </Variable>
  <Variable name="validationErrors" type="java.util.List"/>
  <Variable name="connectedApps" type="java.util.List"/>
  <Variable name="snowTicketId"/>
  <RuleLibraries>
	<Reference class="sailpoint.object.Rule" name="CMH-AD-Generic-Rulelibrary"/>
  </RuleLibraries>
  <Description>  
      Delete the accounts after 30 days of Termination
  </Description>
  <Step icon="Start" name="Start" posX="50" posY="127" wait="1">
  	<Script>
  		<Source>
  		<![CDATA[
  			import org.apache.log4j.Logger;
  			
  			Logger log = Logger.getLogger("Workflow.CMH-LifecycleEvent-Leaver-Delete");
  			if(isDebugEnabled){
  				log.debug("Starting the Leaver Deprovisioning Workflow for the user "+identityName);
  			}
  		]]>
  		</Source>
  	</Script>
    <Transition to="Validate Data"/>
  </Step>
  <Step icon="Task" name="Validate Data" posX="172" posY="127" resultVariable="validationErrors">
  	<Script>
  		<Source>
  		<![CDATA[
  			import org.apache.log4j.Logger;
  			import sailpoint.object.Custom;
  			import sailpoint.tools.Util;
  			
  			Logger log = Logger.getLogger("Workflow.CMH-LifecycleEvent-Leaver-Delete");
  			
  			List errorList = new ArrayList(); 
  			Custom custom = context.getObjectByName(Custom.class,"CMH-Leaver-Custom-Object");
  			if(custom==null || custom.getList("connectedApplications")==null){
  				errorList.add("Custom Object => CMH-Leaver-Custom-Object  is not configured properly");
  			}
  			  						
  			if(!Util.isEmpty(errorList))
  			{
  				log.error("Errors Found :"+Util.listToCsv(errorList));
  			}else if(isDebugEnabled){
  				log.debug("Validation Successful");
  			}
  			
  			return errorList;
  		]]>
  		</Source>
  	</Script>
  	<Transition to="Update Identity">
  		<Script>
  			<Source>
  			<![CDATA[
  				import sailpoint.tools.Util;
  				if(Util.isEmpty(validationErrors)){
					return true;
				}
				return false;
  			]]>
  			</Source>
  		</Script>
  	</Transition>
  	<Transition to="Add Error Message"/>
  </Step>
  <Step icon="Task" name="Update Identity" posX="238" posY="229">
  	<Script>
  		<Source>
  		<![CDATA[
  		    import sailpoint.api.ObjectUtil;
  			import sailpoint.object.Identity;
  			
  			Identity iden = acquireLockOnIdentity(identityName);
			if(iden!=null){
				iden.setAttribute("deletionStatus","deleted");
				context.saveObject(iden);
				context.commitTransaction();
				ObjectUtil.unlockIdentity(context,iden);
			}
  		]]>
  		</Source>
  	</Script>
  	<Transition to="Get Connected Apps"/>
  </Step>
  <Step icon="Task" name="Get Connected Apps" posX="428" posY="228" resultVariable="connectedApps">
  	<Script>
  		<Source>
  		<![CDATA[
  			import org.apache.log4j.Logger;
  			
  			Logger log = Logger.getLogger("Workflow.CMH-LifecycleEvent-Leaver-Delete");
  			List connectedApps = getAppsToProcess(identityName,"CMH-Leaver-Custom-Object","connectedApplications");
  			if(connectedApps==null || connectedApps.size()<=0){
  				log.info("There are no connected Apps associated with the user");
  			}
  			else if(isDebugEnabled){
  				log.debug("List of Connected Apps to be deleted: "+connectedApps.toString());
  			}
  			return connectedApps;
  		]]>
  		</Source>
  	</Script>
  	<Transition to="Deprovision Connected Apps"/>
  </Step>
  <Step condition="script:connectedApps!=null &amp;&amp; connectedApps.size()&gt;0" icon="Task" name="Deprovision Connected Apps" posX="629" posY="228" resultVariable="plan">
  <Script>
  	<Source>
  		<![CDATA[
  			import org.apache.log4j.Logger;
  			import sailpoint.api.IdentityService;
  			import sailpoint.object.Application;
  			import sailpoint.object.Identity;
  			import sailpoint.object.Link;
  			import sailpoint.object.ProvisioningPlan;
  			import sailpoint.object.ProvisioningPlan.AccountRequest;
  			
  			Logger log = Logger.getLogger("Workflow.CMH-LifecycleEvent-Leaver-Delete");
  			
  			if(isDebugEnabled){
  				log.debug("Building Provisioning Plan for deleting the accounts of User: "+identityName);
  			}
  			
  			ProvisioningPlan plan = new ProvisioningPlan();
  			List accountRequests = new ArrayList();
  			Identity iden = context.getObjectByName(Identity.class,identityName);
			if(iden!=null){
				for(String appName:connectedApps){
					Application app = context.getObjectByName(Application.class,appName);
					if(app!=null){
						IdentityService iser = new IdentityService(context);
						List appLinks = iser.getLinks(iden,app);
						if(appLinks!=null && appLinks.size()>0){
							for(Link appLink:appLinks){
								if(appLink!=null){
									AccountRequest acctReq = new AccountRequest();
									acctReq.setApplication(appName);
									acctReq.setOperation(ProvisioningPlan.AccountRequest.Operation.Delete);
									acctReq.setNativeIdentity(appLink.getNativeIdentity());
									accountRequests.add(acctReq);
								}
							}
						}
					}
				}
				plan.setIdentity(iden);
			}
	  		plan.setAccountRequests(accountRequests);
  			
  			if(isDebugEnabled){
  				log.debug("Plan created to delete the AD accounts of User : "+identityName);
  			}
  			
  			return plan;
  		]]>
  	</Source>
  </Script>
  <Transition to="Compile Project">
  	<Script>
  		<Source>
  		<![CDATA[
  			if(plan!=null && plan.getAccountRequests()!=null && plan.getAccountRequests().size()>0){
  				return true;
  			}
  			return false;
  		]]>
  		</Source>
  	</Script>
  </Transition>
  <Transition to="Generate Servicenow Ticket"/>
  </Step>
  <Step action="call:compileProvisioningProject" icon="Task" name="Compile Project" posX="695" posY="330" resultVariable="project">
    <Arg name="identityName" value="ref:identityName"/>
    <Arg name="plan" value="ref:plan"/>
    <Arg name="requester" value="string:spadmin"/>
    <Arg name="source" value="ref:source"/>
    <Arg name="optimisticProvisioning" value="string:false"/>
    <Arg name="requireCreateTemplates" value="string:false"/>
    <Arg name="noLocking" value="true"/>
    <Arg name="noApplicationTemplates" value="string:true"/>
    <Description>Compile the provisioning plan into a provisioning project.  
                 If you need to pass in provisioner options like "noFiltering"  
                 or "noRoleDeprovisioning" you must pass them as explicit  
                 arguments to the call.  
                 The evaluation options "requester" and "source" are commonly  
                 set here.               
                 You can also pass things into the Template and Field scripts by  
                 defining Args in this step.</Description>
    <Transition to="Create Identity Request"/>
  </Step>
  <Step action="call:createIdentityRequest" icon="Task" name="Create Identity Request" posX="819" posY="331">
    <Arg name="project" value="ref:project"/>
    <Arg name="source" value="ref:source"/>
    <Arg name="priority" value="string:Normal"/>
    <Arg name="identityName" value="ref:identityName"/>
    <Arg name="flow" value="ref:flow"/>
    <Return name="identityRequestId" to="identityRequestId"/>
    <Transition to="Provision"/>
  </Step>
  <Step action="call:provisionProject" icon="Provision" name="Provision" posX="941" posY="332">
    <Arg name="background" value="false"/>
    <Arg name="project" value="ref:project"/>
    <Transition to="Complete Identity Request"/>
  </Step>
  <Step action="call:completeIdentityRequest" icon="Task" name="Complete Identity Request" posX="1068" posY="331" resultVariable="identityRequest">
	<Arg name="project" value="ref:project"/>
	<Arg name="autoVerify" value="false"/>
	<Arg name="identityRequestId" value="ref:identityRequestId"/>
	<Transition to="Generate Servicenow Ticket"/>
  </Step>
  <Step icon="Provision" name="Generate Servicenow Ticket" posX="1069" posY="225" resultVariable="snowTicketId">
  	<Script>
  		<Source>
  		<![CDATA[
  			import org.apache.log4j.Logger;
  			import sailpoint.tools.Util;
  			
  			//method to generate service now ticket
  			Logger log = Logger.getLogger("Workflow.CMH-LifecycleEvent-Leaver-Delete");
  			
  			if(isDebugEnabled){
  				log.debug("Generating service now ticket");
  			}
  			
  			if(validationErrors==null){
  				validationErrors = new ArrayList();
  			}  			
  			
  			String snowId = null;
  			
  			Object snowResponse = generateSnowTicket(identityName, "CMH-Service-Ticket-Configuration-Object", "Delete");
  			if(snowResponse!=null){
  				if(snowResponse instanceof String){
  					snowId = (String)snowResponse;
  					if(isDebugEnabled){
		  				log.debug("Service Now ticket generated successfully");
		  			}
  				}else if(snowResponse instanceof List){
  					List errList = (List)snowResponse;
  					validationErrors.add(errList);
		  			log.error("Error occured while generating the serive now ticket "+Util.listToCsv(validationErrors));
  				}
  			}
  			wfcontext.getWorkflowCase().put("validationErrors",validationErrors);
  			return snowId;
  		]]>
  		</Source>
  	</Script>
	<Transition to="Add Error Message">
		<Script>
			<Source>
			<![CDATA[
				if(validationErrors!=null && validationErrors.size()>0){
					return true;
				}
				return false;
			]]>
			</Source>
		</Script>
	</Transition>
  	<Transition to="Stop"/>
  </Step>
  <Step action="call:addMessage" name="Add Error Message">
    <Arg name="message">
        <Script>
          <Source>
		  <![CDATA[
			import sailpoint.tools.Util;
			return Util.listToCsv(validationErrors);
		  ]]>
          </Source>
        </Script>
    </Arg>
    <Arg name="type" value="Error"/>
    <Transition to="Stop"/>
  </Step>
  <Step catches="complete" icon="Catches" name="Check Status" posX="55" posY="24" resultVariable="validationErrors">
  	<Script>
  		<Source>
  		<![CDATA[
  			import java.text.SimpleDateFormat;
  			import org.apache.log4j.Logger;
  			import sailpoint.object.AuditEvent;
  			import sailpoint.object.Identity;
			import sailpoint.server.Auditor;
  			import sailpoint.tools.Message;
  			import sailpoint.tools.Util;
  			
  			Logger log = Logger.getLogger("Workflow.CMH-LifecycleEvent-Leaver-Delete");
  			
  			if(isDebugEnabled){
  				log.debug("Check Status step : Checking for errors");
  			}
  			
  			if(wfcontext.getRootWorkflowCase().getMessages()!=null && wfcontext.getRootWorkflowCase().getMessagesByType(Message.Type.Error)!=null){
  				List errorMessagesList = wfcontext.getRootWorkflowCase().getMessagesByType(Message.Type.Error);
  				String errorMessage = Util.listToCsv(errorMessagesList);
  				if(validationErrors==null){
  					validationErrors = new ArrayList();
  				}
  				validationErrors.add(errorMessage);
  				
  				if(isDebugEnabled){
	  				log.debug("Check Status step : Errors Found : "+Util.listToCsv(validationErrors));
	  			}
  			}
  			
  			if(!Util.isEmpty(validationErrors)){
  				Identity iden = context.getObjectByName(Identity.class,identityName);
  				if(iden!=null){
  					iden.removeAttribute("deletionStatus");
  					context.saveObject(iden);
  				}
  			} 			
  			
  			String action = null;
  			String target = identityName;
  			String attrName = "Employee ID";
  			String attrVal = employeeId;
  			Map strMap = new HashMap();
  			if(Util.isEmpty(validationErrors)){
  				action = "Leaver-Delete-Success";
  				strMap.put("setString1","Leaver Delete Process Completed succesfully");
  				strMap.put("setString2","AD and other accounts are deleted from the user");
  				if(Util.isNotNullOrEmpty(snowTicketId)){
  					strMap.put("setString3","ServiceNow ticket : "+snowTicketId);
  				}
  			}else{
  				action = "Leaver-Delete-Failure";
  				strMap.put("setString1","Leaver Delete Process failed due to errors");
  				strMap.put("setString2",Util.listToCsv(validationErrors));
  			}
  			auditWrite(action,source,target,attrName,attrVal,strMap);
  			
  			
  			if(isDebugEnabled){
  				log.debug("Check Status step : Audit Event Generated");
  				log.debug("Ending the Leaver Deprovisioning Workflow for the user "+identityName);
  			}
  			
  			context.commitTransaction();
  			return validationErrors;	 
  		]]>
  		</Source>
  	</Script>
    <Transition to="Stop"/>
  </Step>
  <Step icon="Stop" name="Stop" posX="1069" posY="128"/>
</Workflow>